Entity,Code,Year,Share of children with an active hepatitis B infection
Afghanistan,AFG,2015,0.5
Algeria,DZA,2015,0.22
Algeria,DZA,2018,0.06
Algeria,DZA,2020,0.08
Andorra,AND,2015,0.08
Angola,AGO,2015,4.85
Angola,AGO,2018,3.84
Angola,AGO,2020,4.57
Antigua and Barbuda,ATG,2015,0.38
Argentina,ARG,2015,0.01
Armenia,ARM,2015,0.25
Australia,AUS,2015,0.15
Australia and New Zealand (UN SDG),,2015,0.33
Australia and New Zealand (UN SDG),,2018,0.17
Australia and New Zealand (UN SDG),,2020,0.23
Austria,AUT,2015,0.32
Azerbaijan,AZE,2015,0.27
Bahamas,BHS,2015,0.31
Bahrain,BHR,2015,0.18
Bangladesh,BGD,2015,1.38
Barbados,BRB,2015,0.34
Belarus,BLR,2015,0.2
Belgium,BEL,2015,0.18
Belize,BLZ,2015,1.49
Benin,BEN,2015,5.55
Benin,BEN,2018,2.51
Benin,BEN,2020,2.87
Bhutan,BTN,2015,0.81
Bolivia,BOL,2015,0.2
Bosnia and Herzegovina,BIH,2015,0.3
Botswana,BWA,2015,0.19
Botswana,BWA,2018,0.19
Botswana,BWA,2020,0.18
Brazil,BRA,2015,0.07
Brunei,BRN,2015,0.34
Bulgaria,BGR,2015,0.31
Burkina Faso,BFA,2015,4.29
Burkina Faso,BFA,2018,1.92
Burkina Faso,BFA,2020,1.66
Burundi,BDI,2015,2.59
Burundi,BDI,2018,0.62
Burundi,BDI,2020,1.35
Cambodia,KHM,2015,0.56
Cameroon,CMR,2015,1.9
Cameroon,CMR,2018,1.72
Cameroon,CMR,2020,1.75
Canada,CAN,2015,1.03
Cape Verde,CPV,2015,0.71
Cape Verde,CPV,2018,0.2
Cape Verde,CPV,2020,0.26
Central African Republic,CAF,2015,6.62
Central African Republic,CAF,2018,3.86
Central African Republic,CAF,2020,3.75
Central and Southern Asia (UN SDG),,2015,0.85
Central and Southern Asia (UN SDG),,2018,0.25
Central and Southern Asia (UN SDG),,2020,0.31
Chad,TCD,2015,3.08
Chad,TCD,2018,12.6
Chad,TCD,2020,10.79
Chile,CHL,2015,0.28
China,CHN,2015,0.83
Colombia,COL,2015,0.21
Comoros,COM,2015,1.96
Comoros,COM,2018,1.02
Comoros,COM,2020,1.16
Congo,COG,2015,4.11
Congo,COG,2018,1.98
Congo,COG,2020,2.56
Cook Islands,COK,2015,0.22
Costa Rica,CRI,2015,0.17
Cote d'Ivoire,CIV,2015,3.04
Cote d'Ivoire,CIV,2018,2.94
Cote d'Ivoire,CIV,2020,3.44
Croatia,HRV,2015,0.11
Cuba,CUB,2015,0.12
Cyprus,CYP,2015,0.6
Czechia,CZE,2015,0.39
Democratic Republic of Congo,COD,2015,1.43
Democratic Republic of Congo,COD,2018,1.64
Democratic Republic of Congo,COD,2020,3.28
Denmark,DNK,2015,0.79
Djibouti,DJI,2015,0.64
Dominica,DMA,2015,0.39
Dominican Republic,DOM,2015,0.34
East Timor,TLS,2015,0.87
Eastern and South-Eastern Asia (UN SDG),,2015,0.95
Eastern and South-Eastern Asia (UN SDG),,2018,0.32
Eastern and South-Eastern Asia (UN SDG),,2020,0.48
Ecuador,ECU,2015,0.32
Egypt,EGY,2015,0.8
El Salvador,SLV,2015,0.57
Equatorial Guinea,GNQ,2015,8.66
Equatorial Guinea,GNQ,2018,7.32
Equatorial Guinea,GNQ,2020,6.07
Eritrea,ERI,2015,0.74
Eritrea,ERI,2018,0.45
Eritrea,ERI,2020,1.02
Estonia,EST,2015,0.36
Eswatini,SWZ,2015,0.85
Eswatini,SWZ,2018,4.69
Eswatini,SWZ,2020,0.83
Ethiopia,ETH,2015,2.61
Ethiopia,ETH,2018,1.47
Ethiopia,ETH,2020,1.59
Europe and Northern America (UN SDG),,2015,0.3
Europe and Northern America (UN SDG),,2018,0.16
Europe and Northern America (UN SDG),,2020,0.21
Fiji,FJI,2015,0.34
Finland,FIN,2015,1.05
France,FRA,2015,0.01
Gabon,GAB,2015,4.16
Gabon,GAB,2018,2.04
Gabon,GAB,2020,2.12
Gambia,GMB,2015,1.17
Gambia,GMB,2018,1.71
Gambia,GMB,2020,1.6
Georgia,GEO,2015,0.26
Germany,DEU,2015,0.24
Ghana,GHA,2015,3.61
Ghana,GHA,2018,2.09
Ghana,GHA,2020,2.13
Greece,GRC,2015,0.37
Grenada,GRD,2015,0.47
Guatemala,GTM,2015,0.05
Guinea,GIN,2015,7.47
Guinea,GIN,2018,7.7
Guinea,GIN,2020,6.07
Guinea-Bissau,GNB,2015,2.12
Guinea-Bissau,GNB,2018,2.39
Guinea-Bissau,GNB,2020,2.11
Guyana,GUY,2015,0.95
Haiti,HTI,2015,2.04
Honduras,HND,2015,0.25
Hungary,HUN,2015,0.44
Iceland,ISL,2015,0.88
India,IND,2015,0.51
Indonesia,IDN,2015,1.07
Iran,IRN,2015,0.02
Iraq,IRQ,2015,0.06
Ireland,IRL,2015,0.01
Israel,ISR,2015,0.48
Italy,ITA,2015,0.61
Jamaica,JAM,2015,0.16
Japan,JPN,2015,1.95
Jordan,JOR,2015,1.01
Kazakhstan,KAZ,2015,0.21
Kenya,KEN,2015,0.86
Kenya,KEN,2018,0.5
Kenya,KEN,2020,0.4
Kiribati,KIR,2015,3.65
Kuwait,KWT,2015,0.11
Kyrgyzstan,KGZ,2015,0.5
Laos,LAO,2015,1.94
Latin America and the Caribbean (UN SDG),,2015,0.2
Latin America and the Caribbean (UN SDG),,2018,0.08
Latin America and the Caribbean (UN SDG),,2020,0.09
Latin America and the Caribbean (UN),,2015,0.2
Latin America and the Caribbean (UN),,2018,0.08
Latin America and the Caribbean (UN),,2020,0.09
Latvia,LVA,2015,0.51
Least Developed Countries (LDCs),,2018,2.09
Least Developed Countries (LDCs),,2020,2.21
Lebanon,LBN,2015,0.21
Lesotho,LSO,2015,1.64
Lesotho,LSO,2018,1.08
Lesotho,LSO,2020,1.22
Liberia,LBR,2015,7.75
Liberia,LBR,2018,4.01
Liberia,LBR,2020,4.66
Libya,LBY,2015,0.27
Lithuania,LTU,2015,0.19
Luxembourg,LUX,2015,0.24
Madagascar,MDG,2015,4.36
Madagascar,MDG,2018,1.3
Madagascar,MDG,2020,2.13
Malawi,MWI,2015,3.03
Malawi,MWI,2018,1.42
Malawi,MWI,2020,1.39
Malaysia,MYS,2015,0.17
Maldives,MDV,2015,0.19
Mali,MLI,2015,4.88
Mali,MLI,2018,4.55
Mali,MLI,2020,4.62
Malta,MLT,2015,0.39
Marshall Islands,MHL,2015,1.56
Mauritania,MRT,2015,4.29
Mauritania,MRT,2018,3.87
Mauritania,MRT,2020,3.35
Mauritius,MUS,2015,0.61
Mauritius,MUS,2018,0.33
Mauritius,MUS,2020,0.41
Mexico,MEX,2015,0.04
Micronesia (country),FSM,2015,0.89
Moldova,MDA,2015,0.65
Monaco,MCO,2015,0.2
Mongolia,MNG,2015,1.72
Montenegro,MNE,2015,0.65
Morocco,MAR,2015,0.45
Mozambique,MOZ,2015,3.67
Mozambique,MOZ,2018,2.41
Mozambique,MOZ,2020,0.59
Myanmar,MMR,2015,2.03
Namibia,NAM,2015,0.66
Namibia,NAM,2018,0.21
Namibia,NAM,2020,0.36
Nauru,NRU,2015,2.11
Nepal,NPL,2015,0.31
Netherlands,NLD,2015,0.04
New Zealand,NZL,2015,1.2
Nicaragua,NIC,2015,0.14
Niger,NER,2015,6.01
Niger,NER,2018,4.3
Niger,NER,2020,3.44
Nigeria,NGA,2015,2.61
Nigeria,NGA,2018,4.12
Nigeria,NGA,2020,2.94
Niue,NIU,2015,0.24
North Korea,PRK,2015,0.53
North Macedonia,MKD,2015,0.2
Northern Africa and Western Asia (UN SDG),,2015,0.84
Northern Africa and Western Asia (UN SDG),,2018,0.48
Northern Africa and Western Asia (UN SDG),,2020,0.47
Norway,NOR,2015,0.01
Oceania (UN),,2015,2.21
Oceania (UN),,2018,1.86
Oceania (UN),,2020,1.29
Oman,OMN,2015,0.44
Pakistan,PAK,2015,2.75
Palau,PLW,2015,0.21
Panama,PAN,2015,0.22
Papua New Guinea,PNG,2015,2.24
Paraguay,PRY,2015,0.65
Peru,PER,2015,0.24
Philippines,PHL,2015,1.07
Poland,POL,2015,0.04
Portugal,PRT,2015,0.1
Qatar,QAT,2015,0.2
Romania,ROU,2015,0.65
Russia,RUS,2015,0.88
Rwanda,RWA,2015,1.74
Rwanda,RWA,2018,0.31
Rwanda,RWA,2020,0.49
Saint Kitts and Nevis,KNA,2015,0.38
Saint Lucia,LCA,2015,0.39
Saint Vincent and the Grenadines,VCT,2015,0.42
Samoa,WSM,2015,1.05
San Marino,SMR,2015,0.32
Sao Tome and Principe,STP,2015,1.36
Sao Tome and Principe,STP,2018,1.28
Sao Tome and Principe,STP,2020,1.31
Saudi Arabia,SAU,2015,0.3
Senegal,SEN,2015,3.48
Senegal,SEN,2018,0.78
Senegal,SEN,2020,0.93
Serbia,SRB,2015,0.11
Seychelles,SYC,2015,0.15
Seychelles,SYC,2018,0.07
Seychelles,SYC,2020,0.09
Sierra Leone,SLE,2015,8.18
Sierra Leone,SLE,2018,2.22
Sierra Leone,SLE,2020,1.98
Singapore,SGP,2015,0.47
Slovakia,SVK,2015,0.56
Slovenia,SVN,2015,1.04
Small Island Developing States (SIDS),,2018,0.8
Small Island Developing States (SIDS),,2020,0.54
Solomon Islands,SLB,2015,2.93
Somalia,SOM,2015,10.54
South Africa,ZAF,2015,1.74
South Africa,ZAF,2018,2.64
South Africa,ZAF,2020,3.1
South Korea,KOR,2015,0.69
South Sudan,SSD,2015,21.13
South Sudan,SSD,2018,10.08
South Sudan,SSD,2020,13.03
Spain,ESP,2015,0.19
Sri Lanka,LKA,2015,0.64
Sub-Saharan Africa (UN SDG),,2015,3.23
Sub-Saharan Africa (UN SDG),,2018,2.76
Sub-Saharan Africa (UN SDG),,2020,2.66
Sudan,SDN,2015,2.86
Suriname,SUR,2015,0.36
Sweden,SWE,2015,0.32
Switzerland,CHE,2015,0.17
Syria,SYR,2015,0.37
Tajikistan,TJK,2015,0.71
Tanzania,TZA,2015,1.69
Tanzania,TZA,2018,1.04
Tanzania,TZA,2020,0.99
Thailand,THA,2015,0.17
Togo,TGO,2015,3.36
Togo,TGO,2018,3.04
Togo,TGO,2020,3.27
Tonga,TON,2015,2.35
Trinidad and Tobago,TTO,2015,0.43
Tunisia,TUN,2015,0.76
Turkey,TUR,2015,0.32
Turkmenistan,TKM,2015,0.23
Tuvalu,TUV,2015,0.7
Uganda,UGA,2015,3.16
Uganda,UGA,2018,1.52
Uganda,UGA,2020,0.96
Ukraine,UKR,2015,0.46
United Arab Emirates,ARE,2015,0.08
United Kingdom,GBR,2015,0.22
United States,USA,2015,0.04
Uruguay,URY,2015,0.35
Uzbekistan,UZB,2015,0.6
Vanuatu,VUT,2015,8.48
Venezuela,VEN,2015,0.62
Vietnam,VNM,2015,1.2
World,OWID_WRL,2015,1.34
World,OWID_WRL,2018,0.91
World,OWID_WRL,2020,0.94
Yemen,YEM,2015,2.54
Zambia,ZMB,2015,1.84
Zambia,ZMB,2018,1.03
Zambia,ZMB,2020,1.32
Zimbabwe,ZWE,2015,4.38
Zimbabwe,ZWE,2018,2.27
Zimbabwe,ZWE,2020,2.74